{"packs":[{"can_be_redownloaded":false,"name":"§0§l§k1§r§4Outline Xray§l§0§k1","uuid":"4363a49c-487f-4d30-95b7-0822f08598a1","version":[1,0,0]},{"can_be_redownloaded":false,"name":"BUBBLE SHADERS V1","uuid":"0575c61f-a5da-4b7f-9951-ffda2908861e","version":[0,0,1]},{"can_be_redownloaded":false,"name":"§l§aX§9-§eR§ba§a§cy §bby FelixTW §a(With Subpacks)§f","subpacks_count":2,"uuid":"bd37e536-4b38-11ec-81d3-0242ac130003","version":[1,10,0]},{"can_be_redownloaded":false,"name":{"bg_BG":"Пакет текстури на MultiPixel","cs_CZ":"Balíček textur pro MultiPixel","da_DK":"MultiPixel-teksturpakke","de_DE":"MultiPixel-Texturpaket","el_GR":"Πακέτο υφών MultiPixel","en_GB":"MultiPixel Texture Pack","en_US":"MultiPixel Texture Pack","es_ES":"Pack de texturas de MultiPixel","es_MX":"Pack de texturas de MultiPixel","fi_FI":"MultiPixel-tekstuuripaketti","fr_CA":"Packs de textures MultiPixel","fr_FR":"Packs de textures MultiPixel","hu_HU":"MultiPixel textúracsomag","id_ID":"MultiPixel Paket Tekstur","it_IT":"Pacchetto texture MultiPixel","ja_JP":"MultiPixel マルチピクセル テクスチャ パック","ko_KR":"MultiPixel 곱셈 픽셀 텍스처 팩","nb_NO":"MultiPixel-teksturpakke","nl_NL":"MultiPixel-texturepakket","pl_PL":"MultiPixel: zestaw tekstur","pt_BR":"Pacote de Texturas do MultiPixel","pt_PT":"Pacote de Texturas do MultiPixel","ru_RU":"Набор текстур MultiPixel","sk_SK":"Balíček textúr pre MultiPixel","sv_SE":"MultiPixel-texturpaket","tr_TR":"MultiPixel Doku Paketi","uk_UA":"Пакет текстур MultiPixel","zh_CN":"MultiPixel 乘方像素纹理包","zh_TW":"MultiPixel 乘方像素紋理包"},"subpacks_count":3,"uuid":"daba674a-82f4-36ad-b973-4ebe2a529fa7","version":[1,18,2]},{"can_be_redownloaded":false,"name":"AK X-Ray §6Definitive§f","subpacks_count":7,"uuid":"c65698d3-c66f-4577-84c6-2f33dae03672","version":[1,0,0]},{"can_be_redownloaded":false,"name":"Hyra Shader v5.0 High","uuid":"89e8ebca-a964-4a90-82a8-05ed483f0b65","version":[3,0,0]}]}
